nom,rayon,masse,periode_orbite,annee,distance
BD+20 594 b,2.57807000,22.24810000,41.68550000000,2016,179.46100000
CoRoT-1 b,16.70000000,327.35000000,1.50895570000,2008,787.90900000
CoRoT-10 b,10.87273000,867.67590000,13.24060000000,2010,338.38600000
CoRoT-11 b,15.58051000,791.39670000,2.99432500000,2010,655.03700000
CoRoT-12 b,15.06489600,277.46559000,2.82805268000,2010,1126.37000000
CoRoT-13 b,14.03366800,416.99296000,4.03519000000,2010,1148.93000000
CoRoT-14 b,12.22000000,2415.40000000,1.51214000000,2010,1744.60000000
CoRoT-16 b,13.11000000,170.03200000,5.35227000000,2011,732.40900000
CoRoT-17 b,11.43318000,765.97030000,3.76810000000,2011,1176.12000000
CoRoT-18 b,12.84551400,1048.83900000,1.90009000000,2011,764.88900000
CoRoT-19 b,14.45961000,367.09365000,3.89713000000,2011,790.66300000
CoRoT-20 b,11.20900000,1315.81620000,9.24318000000,2011,844.06100000
CoRoT-22 b,4.88000000,12.20000000,9.75598000000,2014,627.15800000
CoRoT-23 b,11.77000000,889.90000000,3.63130000000,2011,1060.97000000
CoRoT-24 b,3.70000000,5.70000000,5.11340000000,2014,591.55500000
CoRoT-24 c,5.00000000,28.00000000,11.75900000000,2014,591.55500000
CoRoT-25 b,12.11000000,85.81000000,4.86069000000,2013,1103.48000000
CoRoT-26 b,14.12000000,165.26000000,4.20474000000,2013,1045.18000000
CoRoT-27 b,11.28746300,3273.64900000,3.57532000000,2014,1010.28000000
CoRoT-28 b,10.70459500,152.87623000,5.20851000000,2015,766.18300000
CoRoT-29 b,10.08810000,266.97720000,2.85057000000,2015,806.50700000
CoRoT-3 b,11.32109000,6814.27520000,4.25679940000,2008,768.77100000
CoRoT-30 b,11.30988100,921.70700000,9.06005000000,2020,1032.23000000
CoRoT-31 b,16.36514000,266.97720000,4.62941000000,2020,2005.76000000
CoRoT-35 b,18.83108758,349.61124770,3.22748000000,2022,1123.21000000
CoRoT-36 b,15.80466279,216.12331676,5.61653100000,2022,925.95800000
CoRoT-4 b,13.33871000,223.43449000,9.20205000000,2008,726.41200000
CoRoT-6 b,13.28266500,940.77680000,8.88659300000,2009,645.29400000
CoRoT-7 b,1.68000000,21.00000000,0.85358500000,2009,159.90600000
CoRoT-8 b,6.38913000,69.28694000,6.21238100000,2010,322.03700000
CoRoT-9 b,11.77000000,266.97000000,95.27380000000,2009,412.98000000
CoRoTID 223977153 b,6.38913000,47.67450000,6.71837000000,2017,576.68300000
EPIC 220674823 c,2.77000000,5.70000000,13.33870000000,2016,244.59000000
EPIC 248847494 b,12.44199000,4131.79000000,3650.00000000000,2018,551.88600000
EPIC 249893012 b,1.95000000,8.75000000,3.59510000000,2020,321.29600000
EPIC 249893012 c,3.67000000,14.67000000,15.62400000000,2020,321.29600000
EPIC 249893012 d,3.94000000,10.18000000,35.74700000000,2020,321.29600000
GJ 1132 b,1.16000000,1.62000000,1.62893000000,2015,12.61300000
GJ 1214 b,2.74200000,8.17000000,1.58040433000,2009,14.64270000
GJ 1252 b,1.19300000,2.09000000,0.51823490000,2020,20.37300000
GJ 3090 b,2.13000000,3.34000000,2.85310540000,2022,22.47510000
GJ 341 b,0.88000000,4.00000000,7.57686000000,2025,10.45400000
GJ 3470 b,3.88000000,12.58000000,3.33664900000,2012,29.42140000
GJ 3473 b,1.26400000,1.86000000,1.19800350000,2020,27.36440000
GJ 3929 b,1.15000000,1.21000000,2.61627450000,2022,15.80950000
GJ 414 A b,2.63000000,7.60000000,50.80000000000,2021,11.88930000
GJ 414 A c,8.40000000,53.83000000,749.83000000000,2021,11.88930000
GJ 486 b,1.30500000,2.82000000,1.46711900000,2021,8.07426000
GJ 9827 c,1.24000000,1.45000000,3.64823000000,2017,29.66100000
HAT-P-1 b,13.64135300,166.54292000,4.46529340000,2006,158.97900000
HAT-P-12 b,10.76064000,66.74430000,3.21000000000,2009,142.75100000
HAT-P-22 b,12.10572000,682.69884000,3.21223120000,2010,81.76470000
HAT-P-25 b,13.33871000,180.20961000,3.65283600000,2010,300.38400000
HAT-P-27 b,11.63490000,209.75900000,3.03958600000,2011,199.17300000
HAT-P-29 b,12.40800000,247.26100000,5.72318600000,2011,313.57600000
HAT-P-3 b,9.97601000,190.38017000,2.89970300000,2007,134.55400000
HAT-P-32 b,22.19382000,216.12440000,2.15000820000,2011,289.20500000
HAT-P-33 b,18.89837400,209.76780000,3.47447400000,2011,396.11000000
HAT-P-36 b,15.21061300,611.82275000,1.32734660000,2011,294.41900000
HAT-P-38 b,9.24700000,84.85700000,4.64038200000,2012,255.20600000
HAT-P-4 b,15.32270300,176.71348000,3.05651950000,2007,320.45100000
HAT-P-43 b,14.35872900,232.01590000,3.33268700000,2012,528.82500000
HAT-P-45 b,15.98403400,273.33380000,3.12899200000,2014,298.64000000
HAT-P-49 b,15.83800000,549.82300000,2.69154800000,2014,350.35100000
HAT-P-5 b,14.05608600,336.89980000,2.78849100000,2007,303.33600000
HAT-P-56 b,16.92559000,734.18730000,2.79083000000,2015,320.63900000
HAT-P-6 b,14.90797000,336.58197000,3.85298500000,2007,275.35800000
HAT-P-60 b,18.28184752,182.43350562,4.79478130000,2021,233.22000000
HAT-P-61 b,10.07687365,335.94462620,1.90231289000,2021,338.84000000
HAT-P-62 b,12.02723629,241.86741773,2.64532350000,2021,348.81500000
HAT-P-63 b,12.54284940,195.14664190,3.37772800000,2021,403.45800000
HAT-P-68 b,12.01604800,230.10892000,2.29840551000,2020,202.15200000
HAT-P-9 b,15.69260000,212.94610000,3.92289000000,2008,455.20300000
HATS-10 b,10.86152100,167.17858000,3.31284600000,2015,534.88900000
HATS-14 b,11.64615100,340.39593000,2.76676410000,2015,513.01100000
HATS-15 b,12.38594500,689.69110000,1.74748753000,2016,1139.55000000
HATS-18 b,14.89676100,629.14448500,0.83784000000,2016,624.36800000
HATS-24 b,16.66778300,775.50520000,1.34849540000,2017,494.18200000
HATS-3 b,15.47962900,340.39593000,3.54785100000,2013,411.21100000
HATS-35 b,16.40997600,388.38826000,1.82099930000,2016,514.55500000
HATS-36 b,13.84311500,1022.14128000,4.17523870000,2018,856.43600000
HATS-37 A b,6.79265400,31.46517000,4.33153660000,2020,211.89600000
HATS-44 b,11.96000300,177.98480000,2.74390040000,2018,446.03500000
HATS-47 b,12.52045300,117.27927000,3.92280380000,2020,300.67000000
HATS-50 b,12.66617000,123.95370000,3.82970150000,2017,756.74200000
HATS-54 b,11.96000300,241.55080000,2.54418280000,2019,748.58500000
HATS-58 A b,12.27385500,327.36490000,4.21808960000,2019,403.59100000
HATS-62 b,11.82549500,56.89157000,3.27688370000,2018,523.06700000
HATS-66 b,15.81589900,1694.03390000,3.14143910000,2018,1477.98000000
HATS-71 b,11.47801600,117.59710000,3.79552020000,2020,140.22500000
HATS-77 b,13.05846252,436.69623122,3.08762620000,2021,436.17600000
HATS-8 b,9.78545700,46.08535000,3.58389300000,2015,794.63700000
HATS-9 b,11.93758500,261.57409000,1.91530730000,2015,638.70000000
HD 110067 b,2.20000000,5.69000000,9.11367800000,2023,32.15850000
HD 110067 c,2.38800000,6.30000000,13.67369400000,2023,32.15850000
HD 110067 d,2.85200000,8.52000000,20.51961700000,2023,32.15850000
HD 110067 e,1.94000000,3.90000000,30.79309100000,2023,32.15850000
HD 110067 f,2.60100000,5.04000000,41.05854000000,2023,32.15850000
HD 110067 g,2.60700000,8.40000000,54.76992000000,2023,32.15850000
HD 114082 b,11.20898070,2542.62725600,109.75000000000,2022,95.39060000
HD 118203 b,12.55405838,693.50158407,6.13498900000,2005,92.25890000
HD 135694 b,2.53201320,6.10000000,15.92346000000,2023,73.87130000
HD 136352 b,1.48200000,4.62000000,11.57779000000,2019,14.68200000
HD 136352 d,2.56200000,8.82000000,107.24500000000,2019,14.68200000
HD 137496 b,1.31000000,4.04000000,1.62116000000,2021,155.31700000
HD 1397 b,11.50043400,131.89945000,11.53533000000,2018,79.57020000
HD 152843 c,5.83000000,27.50000000,24.38000000000,2021,107.89800000
HD 15337 b,1.69900000,7.20000000,4.75642000000,2019,44.81550000
HD 15337 c,2.39000000,8.11000000,17.17840000000,2019,44.81550000
HD 18599 b,2.60000000,24.10000000,4.13743540000,2022,38.56530000
HD 191939 b,3.39000000,10.40000000,8.88029000000,2020,53.60890000
HD 20329 b,1.72000000,7.42000000,0.92611800000,2022,63.67960000
HD 206893 b,14.01122587,8899.19539600,9350.00000000000,2021,40.75830000
HD 206893 c,16.36511182,4036.42076890,2090.00000000000,2022,40.75830000
HD 207496 b,2.25000000,6.10000000,6.44100800000,2023,23.60600000
HD 21520 b,2.69700000,17.70000000,25.12920000000,2024,79.20800000
HD 21749 c,0.89200000,3.70000000,7.78993000000,2019,16.32000000
HD 219134 b,1.60600000,4.33611990,3.09350000000,2015,6.53127000
HD 219134 c,1.51100000,4.36000000,6.76458000000,2015,6.53127000
HD 219134 d,1.61000000,16.17000000,46.85900000000,2015,6.53127000
HD 219666 b,4.71000000,16.60000000,6.03607000000,2018,94.17190000
HD 22946 d,2.60700000,26.57000000,47.42489000000,2023,62.77920000
HD 23472 d,0.75000000,0.55000000,3.97664000000,2022,39.03410000
HD 23472 e,0.81800000,0.72000000,7.90754000000,2022,39.03410000
HD 23472 f,1.13700000,0.77000000,12.16218390000,2022,39.03410000
HD 25463 b,2.62000000,8.50000000,7.04914400000,2023,45.61810000
HD 25463 c,1.50000000,4.10000000,3.04405000000,2023,45.61810000
HD 260655 c,1.53300000,3.09000000,5.70588000000,2022,10.00550000
HD 28109 b,2.19900000,18.49600000,22.89104000000,2022,139.61100000
HD 28109 c,4.23000000,7.94300000,56.00819000000,2022,139.61100000
HD 3167 c,2.74000000,8.33000000,29.84622000000,2016,47.28990000
HD 42813 b,3.42633318,5.90000000,13.63082800000,2023,68.19200000
HD 5278 b,2.45000000,7.80000000,14.33915600000,2021,57.58460000
HD 63935 b,2.99000000,10.80000000,9.05881100000,2021,48.97390000
HD 63935 c,3.06451296,11.10000000,21.40270000000,2021,48.97390000
HD 73583 c,2.39000000,9.70000000,18.87974000000,2022,31.56660000
HD 77946 b,2.89646124,10.90000000,6.52736300000,2024,99.45100000
HD 80606 b,11.24262700,1307.55262000,111.43670000000,2001,66.47110000
HD 88986 b,2.49000000,17.20000000,146.05000000000,2023,33.26730000
HD 89345 b,6.86000000,35.70000000,11.81399000000,2018,132.34500000
HD 93963 A b,1.35000000,7.80000000,1.03913530000,2022,82.34320000
HD 93963 A c,3.22800000,19.20000000,3.64513980000,2022,82.34320000
HD 95338 b,3.89000000,42.44000000,55.08700000000,2020,36.99410000
HIP 116454 b,2.46598000,12.71320000,9.12050000000,2014,62.44910000
HIP 29442 c,1.58000000,4.50000000,3.53796000000,2023,68.19200000
HIP 29442 d,1.53800000,5.14000000,6.42957500000,2023,68.19200000
HIP 8152 b,2.56000000,7.80000000,10.75101000000,2023,101.69400000
HIP 8152 c,2.48000000,9.40000000,19.60530000000,2023,101.69400000
HIP 9618 b,3.82838127,8.30000000,20.77285800000,2023,67.54780000
HIP 9618 c,3.42855926,7.00000000,52.56363000000,2023,67.54780000
HIP 97166 b,2.74000000,20.00000000,10.28891000000,2021,65.95010000
HR 858 c,1.97900000,3.80000000,5.97386500000,2019,31.96400000
HR 858 d,2.00100000,7.10000000,11.23051100000,2019,31.96400000
HR 8799 c,13.00000000,3000.00000000,69000.00000000000,2008,41.24410000
K2-107 b,16.14096000,266.97720000,3.31392000000,2017,685.20000000
K2-111 b,1.90000000,8.60000000,5.35117000000,2017,200.39400000
K2-12 b,2.44000000,5.20000000,8.28246000000,2015,326.38100000
K2-136 b,1.01400000,4.30000000,7.97520000000,2017,59.24740000
K2-138 f,2.90400000,1.63000000,12.75758000000,2017,202.58500000
K2-138 g,3.01300000,4.32000000,41.96797000000,2021,202.58500000
K2-141 b,1.49300000,5.16000000,0.28000000000,2018,61.87360000
K2-141 c,7.00000000,8.00000000,7.74850000000,2018,61.87360000
K2-146 c,2.19000000,7.49000000,4.00498000000,2019,79.30020000
K2-19 d,1.11000000,10.00000000,2.50810000000,2016,289.82700000
K2-216 b,1.75000000,8.00000000,2.17480000000,2018,115.46100000
K2-222 b,2.35000000,8.70000000,15.38857000000,2018,101.32100000
K2-233 b,1.34300000,11.26000000,2.46750000000,2018,67.50620000
K2-233 c,1.28100000,12.81000000,7.06005000000,2018,67.50620000
K2-233 d,2.35800000,21.14000000,24.36450000000,2018,67.50620000
K2-237 b,18.49485000,508.52800000,2.18056000000,2018,314.99500000
K2-261 b,9.52763359,69.92224954,11.63344000000,2018,213.28300000
K2-263 b,2.41000000,14.80000000,50.81894700000,2018,162.48100000
K2-266 b,3.30000000,11.26782377,0.65852400000,2018,77.55860000
K2-266 c,0.70500000,0.29013072,7.81400000000,2018,77.55860000
K2-266 e,2.73000000,14.30000000,19.48200000000,2018,77.55860000
K2-27 b,4.45000000,29.10000000,6.77145000000,2016,249.64500000
K2-285 d,2.48000000,6.50000000,10.45582000000,2018,154.96100000
K2-285 e,1.95000000,10.70000000,14.76289000000,2018,154.96100000
K2-287 b,9.33708092,101.70509024,14.89329000000,2018,158.33500000
K2-29 b,13.33871000,232.01590000,3.25883210000,2016,178.47500000
K2-291 b,1.58900000,6.49000000,2.22517700000,2019,90.05620000
K2-292 b,2.63000000,24.50000000,16.98410000000,2019,114.29300000
K2-3 b,2.29000000,6.60000000,10.05454000000,2015,44.07270000
K2-31 b,11.88154000,563.83042000,1.25785000000,2016,110.52700000
K2-32 b,5.29900000,15.00000000,8.99200000000,2016,157.68200000
K2-32 c,3.01000000,12.10000000,20.66020000000,2016,157.68200000
K2-329 b,8.67576600,82.63580000,12.45512250000,2020,233.23700000
K2-38 c,2.29000000,8.30000000,10.56103000000,2016,192.69000000
K2-415 b,1.01500000,7.50000000,4.01796940000,2023,21.81820000
K2-416 b,2.66000000,1652.70771640,13.10200000000,2023,120.31100000
K2-417 b,3.31000000,699.22249540,6.53500000000,2023,94.04240000
K2-77 b,2.30000000,603.87700000,8.19979600000,2016,141.73100000
K2-79 b,4.09000000,9.20000000,10.99470000000,2016,256.01100000
K2-97 b,13.45077684,174.48779544,8.40711500000,2016,878.43000000
K2-99 b,11.88151954,276.51071409,18.24783000000,2016,519.22900000
KELT-10 b,15.79345381,216.12331676,4.16624490000,2016,188.40400000
KELT-14 b,17.03768000,380.12468000,1.71005880000,2016,250.12100000
KELT-23 A b,14.82950700,298.12454000,2.25525100000,2019,126.26100000
KELT-3 b,15.13212395,467.20775829,2.70339040000,2013,210.25200000
KELT-4 A b,19.05526719,286.04556630,2.98959400000,2016,218.05000000
KELT-9 b,21.19621900,915.35040000,1.48112350000,2017,204.45500000
KOI-1599.02,1.90000000,9.00000000,13.60880000000,2019,1131.64000000
KOI-1843.03,0.61000000,8.00000000,0.17689130000,2013,134.31100000
KOI-55 b,0.75900000,0.44000000,0.24010400000,2011,1231.02000000
KOI-55 c,0.86700000,0.65500000,0.34288700000,2011,1231.02000000
KOI-94 b,1.63800000,5.75695361,3.74317555600,2013,477.05200000
Kepler-10 c,2.35000000,13.98000000,45.29430100000,2011,185.50600000
Kepler-100 d,1.53600000,1.77308400,35.33308660000,2014,304.64500000
Kepler-104 d,2.63500000,5.54022107,51.75529576000,2014,400.78500000
Kepler-106 c,2.38700000,13.32345722,13.57076622000,2014,444.32200000
Kepler-109 c,2.65000000,8.20000000,21.22265000000,2014,474.86100000
Kepler-11 b,1.97000000,4.30000000,10.30375000000,2010,646.34600000
Kepler-11 c,3.15000000,13.50000000,13.02502000000,2010,646.34600000
Kepler-11 d,3.43000000,6.10000000,22.68719000000,2010,646.34600000
Kepler-11 g,3.33000000,25.00000000,118.38070000000,2010,646.34600000
Kepler-111 c,7.08407580,222.47988490,224.77833000000,2014,657.22300000
Kepler-113 c,2.66200000,1.05528989,8.92507636900,2014,262.35100000
Kepler-136 b,1.80000000,19.80000000,11.57900000000,2014,420.81800000
Kepler-138 b,0.52200000,0.06600000,10.31260000000,2014,66.86240000
Kepler-16 b,8.44930000,105.83300000,228.77600000000,2011,75.08520000
Kepler-1647 b,11.87390000,483.00000000,1107.59230000000,2016,1212.45000000
Kepler-1654 b,9.18017100,158.91500000,1047.83560000000,2018,568.11700000
Kepler-1661 b,3.87000000,17.00000000,175.06000000000,2020,410.60700000
Kepler-1705 b,2.03000000,4.47000000,9.03502000000,2021,1633.49000000
Kepler-1705 c,2.05000000,5.42000000,11.28000000000,2021,1633.49000000
Kepler-1708 b,9.96000000,1462.01067220,737.11310000000,2021,1666.69000000
Kepler-197 c,1.23000000,5.30000000,10.35000000000,2014,330.57500000
Kepler-20 c,3.07000000,16.10000000,10.85409200000,2011,282.56300000
Kepler-20 f,1.03000000,14.30000000,19.57706000000,2011,282.56300000
Kepler-238 f,2.00000000,13.50000000,50.44700000000,2013,1798.75000000
Kepler-25 b,2.70400000,10.79716709,6.23853477100,2011,243.24900000
Kepler-26 c,3.60000000,119.18100000,17.25130000000,2011,335.30700000
Kepler-27 c,7.17000000,21.20000000,31.33000000000,2011,1044.36000000
Kepler-276 c,2.90000000,16.60000000,31.88400000000,2013,1144.86000000
Kepler-279 c,4.30000000,49.40000000,35.73600000000,2013,1037.40000000
Kepler-28 b,1.95900000,1.63000000,5.91000000000,2011,438.35900000
Kepler-289 c,11.54527000,133.48860000,125.86500000000,2014,704.43800000
Kepler-289 d,3.03000000,5.33000000,66.02820000000,2014,704.43800000
Kepler-29 c,3.14000000,4.00000000,13.28840000000,2011,832.53200000
Kepler-297 c,7.39000000,42.10000000,74.92400000000,2014,692.14000000
Kepler-30 b,3.60000000,63.56600000,29.32900000000,2012,914.22100000
Kepler-305 c,3.35000000,4.50000000,8.29100000000,2013,868.47700000
Kepler-307 b,3.01000000,8.81000000,10.42100000000,2013,575.58100000
Kepler-33 c,2.60000000,0.39000000,13.17600000000,2011,1209.16000000
Kepler-338 e,1.56000000,8.50000000,9.34100000000,2014,552.79800000
Kepler-34 b,8.56400000,69.92000000,288.82200000000,2011,1800.82000000
Kepler-349 b,1.86000000,94.50000000,5.93000000000,2014,940.72400000
Kepler-35 b,8.16000000,40.36300000,131.45800000000,2011,1819.17000000
Kepler-38 b,4.30000000,122.00000000,105.59900000000,2012,1174.59000000
Kepler-4 b,4.12491200,23.83725000,3.21365800000,2009,487.91600000
Kepler-413 b,4.34700000,67.00000000,66.26200000000,2014,847.53600000
Kepler-414 c,3.01000000,29.90000000,7.17100000000,2014,413.46000000
Kepler-419 b,10.80000000,794.50000000,69.75460000000,2014,1011.36000000
Kepler-43 b,13.00000000,994.77000000,3.02409309000,2011,1005.84000000
Kepler-434 b,12.67000000,908.96000000,12.87470990000,2015,1222.54000000
Kepler-44 b,12.21781000,311.79123000,3.24672930000,2011,1188.00000000
Kepler-450 d,0.94080000,17.60000000,7.51442790000,2015,455.98200000
Kepler-453 b,6.20400000,16.00000000,240.50300000000,2015,442.84600000
Kepler-454 b,2.37000000,6.84000000,10.57375339000,2015,230.86900000
Kepler-47 b,3.05000000,2.07000000,49.46430000000,2012,1025.02000000
Kepler-47 c,4.62000000,8899.00000000,303.13700000000,2012,1025.02000000
Kepler-47 d,7.04000000,19.02000000,187.36600000000,2019,1025.02000000
Kepler-48 c,3.14000000,13.60000000,9.67392830000,2012,306.73800000
Kepler-50 b,1.54200000,4.02572362,7.81285840000,2012,250.11000000
Kepler-52 b,2.52000000,79.60000000,7.87700000000,2012,321.54200000
Kepler-553 c,11.57887706,2129.45032690,328.24017000000,2016,728.52500000
Kepler-56 c,10.60000000,137.60000000,21.40500000000,2012,912.99400000
Kepler-78 b,1.16000000,8.00000000,0.35500744000,2013,124.37600000
Kepler-82 c,5.28000000,18.40000000,51.53500000000,2012,904.32600000
Kepler-83 d,2.13000000,24.60000000,5.17000000000,2014,400.40900000
Kepler-85 b,1.77800000,1.84000000,8.30000000000,2012,765.02500000
Kepler-9 b,8.09000000,25.90393345,19.27082403000,2010,628.25700000
Kepler-9 c,9.22500000,54.34700000,38.91000000000,2010,628.25700000
Kepler-93 b,1.56926000,4.54425706,4.72674000000,2014,95.91150000
Kepler-96 b,2.37300000,12.96756068,16.23846777000,2014,122.88100000
Kepler-99 b,1.48000000,6.15000000,4.60358000000,2014,208.36900000
L 98-59 d,1.52100000,1.94000000,7.45072450000,2019,10.61940000
LHS 1140 c,1.28200000,1.81000000,3.77793100000,2018,14.98610000
LHS 1478 b,1.24200000,2.33000000,1.94953780000,2021,18.22760000
LHS 1678 b,0.69600000,0.35000000,0.86023220000,2021,19.87820000
LHS 1815 b,1.08800000,8.70000000,3.81433000000,2020,29.84240000
LP 714-47 b,4.70000000,30.80000000,4.05203700000,2020,52.61600000
LP 791-18 c,2.43800000,7.10000000,4.98990930000,2019,26.49270000
LP 791-18 d,1.03200000,0.90000000,2.75343600000,2023,26.49270000
LP 890-9 c,1.36700000,25.30000000,8.45746300000,2022,32.42980000
LTT 1445 A c,1.60000000,1.00000000,3.12389800000,2022,6.86929000
LTT 3780 b,1.35000000,2.34000000,0.76837700000,2020,21.98140000
Lupus-TR-3 b,9.97600000,257.43100000,3.91405000000,2007,773.40900000
NGTS-15 b,12.32987877,238.68913366,3.27623000000,2021,786.48500000
NGTS-16 b,14.57167491,211.99154747,4.84532000000,2021,898.16800000
NGTS-17 b,13.89913607,242.82090295,3.24253000000,2021,1040.28000000
NGTS-21 b,14.90794433,750.07504052,1.54338970000,2022,592.89100000
NGTS-23 b,14.20177855,194.82881349,4.07643260000,2022,1074.95000000
NGTS-25 b,11.46678726,203.09235207,2.82309300000,2022,521.23300000
NGTS-26 b,14.88552637,92.80589484,4.51992790000,2024,1093.69000000
NGTS-3 A b,16.58932000,756.43540000,1.67537280000,2018,743.97200000
NGTS-33 b,18.38272835,1153.71711741,2.82797200000,2024,437.85500000
NGTS-4 b,3.18000000,20.60000000,1.33735080000,2019,280.55500000
NGTS-6 b,14.86313400,425.57437000,0.88205900000,2019,308.26200000
NGTS-8 b,12.21781000,295.58190000,2.49970000000,2019,428.97600000
OGLE-TR-10 b,14.01100000,197.04600000,3.10127800000,2004,1344.97000000
OGLE-TR-113 b,12.21781000,343.25640000,1.43247580000,2004,566.45900000
OGLE-TR-132 b,14.01125000,371.86110000,1.68986800000,2004,2012.62000000
OGLE-TR-182 b,16.47723000,340.07810000,3.97910000000,2007,2501.75000000
OGLE-TR-211 b,14.14575800,216.12440000,3.67724000000,2007,1515.26000000
OGLE2-TR-L9 b,18.09132600,1379.38220000,2.48553300000,2008,1627.63000000
PH1 b,6.18000000,169.00000000,138.31700000000,2012,1033.16000000
PH2 b,10.08810000,25426.40000000,282.52500000000,2013,343.86300000
POTS-1 b,10.54800000,734.16000000,3.16062960000,2013,747.95900000
Qatar-3 b,12.28506400,1369.84730000,2.50792040000,2017,735.60100000
Qatar-6 b,13.04725353,217.07680198,3.50620000000,2017,100.84800000
TIC 139270665 b,7.22979255,147.15455244,23.62400000000,2024,189.87500000
TIC 172900988 b,11.27000000,981.30000000,204.04600000000,2021,250.95600000
TIC 241249530 b,13.29385111,1582.78546686,165.77190000000,2024,324.44800000
TIC 279401253 b,11.20898070,1951.46641898,76.80000000000,2023,285.58400000
TIC 365102760 b,6.21000000,19.20000000,4.21285367000,2024,555.54600000
TIC 46432937 b,13.31626907,1017.05090240,1.44044527000,2024,90.53690000
TIC 4672985 b,11.50041420,4049.13390518,69.04800000000,2024,253.38500000
TOI-1052 b,2.87000000,16.90000000,9.13970300000,2023,129.80400000
TOI-1064 c,2.65100000,2.50000000,12.22657400000,2022,68.07260000
TOI-1107 b,14.57167491,1064.72516345,4.07823870000,2022,281.31400000
TOI-1135 b,9.02000000,51.42000000,8.02773000000,2024,114.04800000
TOI-1136 e,2.54567020,24.00000000,18.80693000000,2022,84.53620000
TOI-1136 f,3.73591482,32.00000000,26.31782200000,2022,84.53620000
TOI-1173 b,9.19000000,27.40000000,7.06466000000,2024,132.35300000
TOI-1181 b,16.19663940,377.00000000,2.10319365000,2022,302.81900000
TOI-1235 b,1.69000000,6.69000000,3.44471400000,2020,39.63450000
TOI-1244 b,2.37611439,6.60000000,6.40030000000,2024,102.55100000
TOI-1246 c,2.51000000,8.80000000,5.90414400000,2022,169.42200000
TOI-1246 d,3.51000000,5.30000000,18.65590000000,2022,169.42200000
TOI-125 b,2.72600000,9.50000000,4.65382000000,2019,111.05900000
TOI-1259 A b,11.45557828,140.16232749,3.47797800000,2021,118.10600000
TOI-1260 b,2.41000000,8.56000000,3.12746300000,2021,73.59770000
TOI-1266 b,2.52000000,4.46000000,10.89450000000,2020,36.01180000
TOI-1268 b,9.10000000,96.40000000,8.15770940000,2022,109.55700000
TOI-1269 b,2.40144286,6.40000000,4.25299130000,2024,172.13800000
TOI-1272 b,4.14000000,24.60000000,3.31599000000,2022,137.57200000
TOI-1288 b,4.96846551,44.10000000,2.69982790000,2022,114.86500000
TOI-1294 b,10.12369881,63.90000000,3.91529200000,2024,332.64800000
TOI-132 b,3.42000000,22.40000000,2.10970190000,2020,163.67800000
TOI-1338 b,6.85000000,33.00000000,95.17400000000,2020,399.01700000
TOI-1386 b,6.21638650,45.80000000,25.84010000000,2024,146.85800000
TOI-1408 b,25.00000000,593.00000000,4.42587000000,2023,139.48400000
TOI-1408 c,2.22000000,7.60000000,2.16640000000,2024,139.48400000
TOI-1416 b,1.62000000,3.48000000,1.06975680000,2023,55.01350000
TOI-1437 b,2.43471042,10.40000000,18.84078000000,2024,103.29700000
TOI-1443 b,2.30381001,30.00000000,23.54067800000,2024,85.80340000
TOI-1444 b,1.41792246,3.58000000,0.47027430000,2021,125.46300000
TOI-1448 b,2.74900000,19.50000000,8.11224500000,2024,73.33450000
TOI-1451 b,2.61143902,15.20000000,16.53794400000,2024,91.93620000
TOI-1452 b,1.67200000,4.82000000,11.06201000000,2022,30.52120000
TOI-1453 b,1.17300000,2.32000000,4.31352250000,2025,78.74150000
TOI-1453 c,2.22400000,2.95000000,6.58869820000,2025,78.74150000
TOI-1470 c,2.47000000,7.24000000,18.08816000000,2023,51.95030000
TOI-1472 b,4.15964583,16.50000000,6.36381000000,2024,121.84000000
TOI-150.01,14.06729500,797.75330000,5.85748700000,2019,336.26700000
TOI-1518 b,21.01683881,731.00533610,1.90260300000,2021,225.88800000
TOI-1601 b,13.88795100,314.65170000,5.33175100000,2021,336.60800000
TOI-1634 b,1.77300000,7.57000000,0.98934550000,2021,35.27360000
TOI-1669 c,2.29639770,13.00000000,2.68005350000,2024,111.27600000
TOI-1670 b,2.06000000,41.31769291,10.98462000000,2022,168.06700000
TOI-1670 c,11.06326395,200.23189641,40.74976000000,2022,168.06700000
TOI-1685 b,1.70000000,3.09000000,0.66914060000,2021,37.61530000
TOI-169 b,12.17297400,251.40353000,2.25544770000,2020,407.84000000
TOI-1694 b,5.44000000,26.10000000,3.77015000000,2023,124.68000000
TOI-1696 b,3.09000000,48.80000000,2.50031100000,2022,64.91720000
TOI-1723 b,3.29206019,10.40000000,13.72641000000,2024,100.72700000
TOI-1736 b,3.05000000,11.90000000,7.07309100000,2023,88.94820000
TOI-1751 b,2.77000000,14.50000000,37.46849000000,2024,113.33500000
TOI-1753 b,2.47852533,16.60000000,5.38461040000,2024,226.67100000
TOI-1759 b,3.06000000,6.80000000,18.84997500000,2022,40.06540000
TOI-1776 b,1.21612741,1.40000000,2.79986800000,2024,44.64700000
TOI-178 b,1.15200000,1.50000000,1.91455800000,2021,62.69900000
TOI-178 e,2.20700000,3.86000000,9.96188100000,2021,62.69900000
TOI-178 f,2.28700000,7.72000000,15.23191500000,2021,62.69900000
TOI-178 g,2.87000000,3.94000000,20.70950000000,2021,62.69900000
TOI-1798.01,2.38506569,6.50000000,8.02154000000,2024,113.18100000
TOI-1799 b,1.42238884,4.00000000,7.08573800000,2024,62.12740000
TOI-1823 b,7.54062410,67.40000000,38.80000000000,2024,71.64560000
TOI-1836 b,8.00321222,38.45723725,20.38079900000,2024,191.64900000
TOI-1842 b,11.65733993,68.01527910,9.57390000000,2021,223.46500000
TOI-1853 b,3.46000000,73.20000000,1.24362580000,2023,165.10500000
TOI-1855 b,18.49481816,360.09958513,1.36414864000,2024,176.83300000
TOI-1898 b,9.39553231,129.00000000,45.52234000000,2024,79.66820000
TOI-1899 b,12.89035000,209.76780000,29.02000000000,2020,128.43800000
TOI-1937 A b,13.97759893,638.83509807,0.94667944000,2023,415.13500000
TOI-2000 b,2.70000000,11.00000000,3.09833000000,2023,175.71300000
TOI-2000 c,8.14000000,81.70000000,9.12705500000,2023,175.71300000
TOI-201 b,11.29867200,133.48860000,52.97818000000,2021,113.82500000
TOI-2015 b,3.30900000,9.20000000,3.34823700000,2023,47.34440000
TOI-2025 b,11.89272852,1144.18226520,8.87209820000,2022,335.98500000
TOI-2107 b,13.57407563,263.79757781,2.45454670000,2024,236.70500000
TOI-2109 b,15.09849700,1595.49860314,0.67247414000,2021,262.04100000
TOI-2145 b,12.41899699,1767.00000000,10.26112700000,2023,224.73100000
TOI-2152 A b,14.35870428,899.45439181,3.37735120000,2023,303.00600000
TOI-216.02,7.69000000,30.00000000,17.08900000000,2019,177.94500000
TOI-2184 b,11.39953337,206.58846455,6.90683000000,2022,788.31700000
TOI-220 b,3.03000000,13.80000000,10.69526400000,2021,90.74020000
TOI-2202 b,10.95117414,287.31687993,11.91260750000,2021,235.93300000
TOI-2207 b,11.15293580,203.41018048,8.00196800000,2022,373.34500000
TOI-2236 b,14.36991326,502.16888306,3.53159020000,2022,355.59000000
TOI-2328 b,9.97599282,50.85254512,17.10197000000,2025,231.78200000
TOI-2338 b,11.20898070,1900.61387386,22.65398000000,2023,313.99600000
TOI-2364 b,8.60849718,71.51139158,4.01975170000,2023,219.61400000
TOI-2379 b,11.72459381,1830.69162432,5.46938270000,2024,211.24700000
TOI-238 c,2.18000000,6.70000000,8.46565100000,2024,80.54070000
TOI-2384 b,11.48920522,624.85064816,2.13570304000,2024,191.51000000
TOI-2416 b,9.86390302,953.48522100,8.27547900000,2023,557.73300000
TOI-2421 b,10.36830715,105.83685953,4.34740320000,2022,327.92700000
TOI-244 b,1.52000000,2.68000000,7.39722500000,2023,22.03370000
TOI-2447 b,9.60609646,124.90656395,69.33684000000,2024,148.98700000
TOI-2458 b,2.83000000,13.31000000,3.73659000000,2024,112.95800000
TOI-2497 b,11.14172682,1531.93292174,10.65566900000,2023,285.28900000
TOI-2524 b,11.20898070,203.41018048,7.18585000000,2023,438.84200000
TOI-2525 c,10.13291855,208.81326340,49.25190000000,2023,395.39800000
TOI-2570 b,13.64132951,260.61929374,2.98876150000,2022,361.85700000
TOI-2580 b,17.37392009,200.23189641,3.39775000000,2024,379.25300000
TOI-2583 A b,14.45958510,79.45710175,4.52072650000,2023,566.18900000
TOI-2589 b,12.10569916,1112.39942450,61.62770000000,2023,200.27300000
TOI-260 b,1.71000000,4.23000000,13.47585300000,2024,20.18520000
TOI-2669 b,19.72780603,193.87532827,6.20340000000,2022,393.44300000
TOI-270 b,1.20600000,1.58000000,3.36015380000,2019,22.47930000
TOI-2714 b,13.72000000,228.00000000,2.49938700000,2024,597.87300000
TOI-2796 b,17.26183028,139.84449908,4.80849830000,2023,350.34300000
TOI-2803 A b,18.11371281,309.88269682,1.96229325000,2023,494.81800000
TOI-2818 b,15.27784069,225.65816897,4.03970900000,2023,312.67400000
TOI-2981 b,13.40000000,638.00000000,3.60150100000,2024,527.78900000
TOI-3023 b,16.43236571,197.05361234,3.90149710000,2023,389.91600000
TOI-3235 b,11.39953337,211.35589065,2.59261842000,2023,72.81100000
TOI-3321 b,15.55806521,176.07693748,3.65251450000,2024,285.89500000
TOI-3362 b,12.80065596,1598.35905880,18.09547000000,2021,366.98700000
TOI-3693 b,12.59889431,324.18497514,9.08851600000,2022,176.43600000
TOI-3757 b,12.00000000,85.30000000,3.43875300000,2022,181.13900000
TOI-3785 b,5.14000000,14.95000000,4.67473730000,2023,79.76340000
TOI-3807 b,18.49481816,330.54154328,2.89897270000,2023,421.74500000
TOI-3837 b,10.87271128,187.51876013,11.88865000000,2025,311.70500000
TOI-3894 b,15.27784069,260.61929374,4.33454000000,2024,417.36500000
TOI-3912 b,14.28024141,129.03833324,3.49362640000,2023,465.99200000
TOI-3984 A b,7.90000000,44.00000000,4.35332600000,2023,108.88300000
TOI-4010 d,6.18000000,38.15000000,14.70886000000,2023,177.50400000
TOI-406 c,1.32000000,2.08000000,3.30744100000,2024,31.05970000
TOI-406.01,2.08000000,6.57000000,13.17568200000,2024,31.05970000
TOI-411 b,1.36200000,13.71000000,4.04029500000,2022,62.77920000
TOI-4127 b,12.28504285,731.00533610,56.39879000000,2023,319.63200000
TOI-4137 b,13.57407563,457.67290608,3.80161220000,2022,334.99300000
TOI-4201 b,13.67495645,788.21444936,3.58191940000,2023,189.01100000
TOI-421 b,2.68000000,7.17000000,5.19672000000,2020,74.79690000
TOI-431 d,3.29000000,9.90000000,12.46103000000,2021,32.56860000
TOI-4377 b,15.10970598,304.16178550,4.37808100000,2023,455.82000000
TOI-4406 b,11.20898070,95.34852210,30.08364000000,2023,261.83400000
TOI-4463 A b,13.26022417,252.35575516,2.88071980000,2023,173.11700000
TOI-4551 b,11.85910158,473.56432643,9.95581000000,2023,215.98600000
TOI-4562 b,12.53000000,732.00000000,225.11781000000,2023,339.60500000
TOI-4582 b,10.53644186,168.44905571,31.03400000000,2023,383.84600000
TOI-4600 b,6.80000000,959.84178914,82.68690000000,2023,216.05600000
TOI-4641 b,8.18255591,1229.99593509,22.09341000000,2023,86.35010000
TOI-480 b,2.85372018,20.80000000,6.86619600000,2024,54.53060000
TOI-4860 b,8.47398941,212.94503269,1.52275959000,2023,80.14230000
TOI-4914 b,12.87000000,227.00000000,10.60057000000,2024,299.89000000
TOI-5005 b,6.25000000,32.70000000,6.30850440000,2024,207.89100000
TOI-5108 b,6.60000000,32.00000000,6.75358100000,2025,130.91900000
TOI-512 b,1.54000000,3.57000000,7.18886000000,2025,67.39750000
TOI-519 b,11.87031056,166.85991368,1.26523248000,2021,115.55700000
TOI-5205 b,11.60000000,343.00000000,1.63075700000,2023,86.44930000
TOI-5218 b,9.86000000,657.00000000,4.29145200000,2024,377.48300000
TOI-5232 b,12.77823800,743.71847238,4.09666920000,2024,609.38800000
TOI-5301 b,13.09208946,1182.32167404,5.85885800000,2024,629.16100000
TOI-532 b,5.82000000,61.50000000,2.32665080000,2021,135.04700000
TOI-5344 b,10.60369574,130.94530368,3.79262200000,2023,138.36700000
TOI-544 b,2.01800000,2.89000000,1.54835200000,2022,41.11660000
TOI-5542 b,11.30986153,419.53349724,75.12375000000,2022,348.84900000
TOI-559 b,12.22899794,1910.14872607,6.98390950000,2021,233.26600000
TOI-561 b,1.42500000,2.00000000,0.44656880000,2020,85.79900000
TOI-561 c,2.91000000,6.60000000,10.77883100000,2020,85.79900000
TOI-561 d,2.53000000,11.95000000,25.62000000000,2020,85.79900000
TOI-561 e,2.55000000,13.60000000,77.03000000000,2020,85.79900000
TOI-5616 b,10.78000000,624.00000000,2.00284900000,2024,390.41500000
TOI-5634 A b,10.42000000,588.00000000,2.20353730000,2024,306.14400000
TOI-564 b,11.43318000,464.98529000,1.65114400000,2020,199.58100000
TOI-5720 b,1.09000000,4.30000000,1.43445550000,2024,35.82560000
TOI-5786 b,8.54000000,73.00000000,12.77910700000,2025,192.47500000
TOI-6038 A b,6.41000000,78.50000000,5.82673110000,2025,179.14700000
TOI-6130 b,14.34749530,333.71982735,2.39267900000,2024,220.88200000
TOI-615 b,18.97680433,138.25535705,4.66159830000,2023,360.40800000
TOI-622 b,9.23620010,96.30200732,6.40251300000,2023,123.29700000
TOI-663 d,1.92000000,5.20000000,7.10272680000,2024,64.23080000
TOI-6651 b,5.09000000,61.00000000,5.05697300000,2024,212.12800000
TOI-669 b,2.60000000,9.80000000,3.94515000000,2023,142.86700000
TOI-763 b,2.28000000,9.79000000,5.60570000000,2020,95.12740000
TOI-776 b,1.85000000,4.00000000,8.24661000000,2020,27.17010000
TOI-782 b,2.73400000,19.10000000,8.02400150000,2024,52.51220000
TOI-836 b,1.70400000,4.53000000,3.81673000000,2023,27.50240000
TOI-836 c,2.58700000,9.60000000,8.59545000000,2023,27.50240000
TOI-837 b,9.71000000,116.00000000,8.32491020000,2020,142.48800000
TOI-849 b,3.44400000,39.09000000,0.76552414000,2020,225.73400000
TOI-892 b,11.99360935,301.93698665,10.62656000000,2020,340.54300000
TOI-942 c,4.79300000,37.00000000,10.16050000000,2020,152.60100000
TOI-954 b,9.55006800,55.30242000,3.68497290000,2020,238.76800000
TOI-969 b,2.76500000,9.10000000,1.82373050000,2022,77.25540000
TrES-4 b,20.60214200,157.00802000,3.55392771000,2007,515.98000000
V1298 Tau e,8.23860081,368.68095212,40.20000000000,2019,108.19900000
WASP-1 b,16.97042600,291.76794000,2.51996100000,2007,393.07200000
WASP-10 b,11.96000300,1020.23430000,3.09272932000,2008,140.99800000
WASP-103 b,17.12735200,473.56670000,0.92554200000,2014,375.64700000
WASP-104 b,12.74463300,403.00844000,1.75541370000,2014,185.93200000
WASP-106 b,12.16176500,606.73747000,9.28971500000,2014,352.18100000
WASP-107 b,10.35711600,37.82177000,5.72149242000,2017,64.74140000
WASP-113 b,15.79348100,150.96925000,4.54216874538,2016,435.15600000
WASP-12 b,20.84874000,638.83830000,1.09142119000,2008,427.24600000
WASP-123 b,14.77346200,285.72917000,2.97764120000,2016,197.99600000
WASP-129 b,10.42437000,317.83000000,5.74814500000,2016,301.46200000
WASP-132 b,9.75183000,130.31030000,7.13352100000,2016,122.91000000
WASP-132 c,1.85000000,37.35000000,1.01153400000,2022,122.91000000
WASP-133 b,13.56289000,368.68280000,2.17642300000,2016,559.08400000
WASP-138 b,12.21781000,387.75260000,3.63443300000,2016,414.23400000
WASP-14 b,14.35872900,2294.73260000,2.24376610000,2008,161.99700000
WASP-148 b,8.09289800,92.48853000,8.80381000000,2020,246.35300000
WASP-15 b,15.45721100,175.12433000,3.75210000000,2009,282.09100000
WASP-151 b,13.30506009,100.43377661,4.53347750000,2017,453.09900000
WASP-156 b,5.71659000,40.68224000,3.83616900000,2017,122.06600000
WASP-158 b,11.99363000,886.74570000,3.65633300000,2018,524.99300000
WASP-16 b,13.65256200,264.43456000,3.11860680000,2009,194.13400000
WASP-161 b,12.81188700,791.39670000,5.40604250000,2018,343.08000000
WASP-163 b,13.47321800,594.34210000,1.60968840000,2018,261.38600000
WASP-166 b,7.06167000,32.10083000,5.44354000000,2019,114.17300000
WASP-169 b,14.61653600,178.30263000,5.61141180000,2019,627.06600000
WASP-17 b,21.65578800,151.60491000,3.73548450000,2009,405.90800000
WASP-171 b,10.98482000,344.52772000,3.81862440000,2019,757.84000000
WASP-183 b,16.47723000,159.55066000,4.11177710000,2019,325.37700000
WASP-184 b,14.90797000,181.16310000,5.18170000000,2019,663.23100000
WASP-185 b,14.01125000,311.47340000,9.38755000000,2019,279.35000000
WASP-186 b,12.44196858,1341.23587754,5.02679900000,2020,278.51400000
WASP-189 b,18.14733975,632.47852993,2.72403300000,2020,99.73100000
WASP-19 b,15.42358400,370.27195000,0.78883900000,2009,268.32500000
WASP-193 b,16.40994774,44.17814857,6.24633450000,2023,362.08700000
WASP-2 b,12.07209300,275.24078000,2.15222540000,2007,153.24200000
WASP-21 b,14.15696700,93.75985000,4.32250600000,2010,258.42600000
WASP-22 b,12.55408000,177.98480000,3.53269000000,2010,317.65200000
WASP-25 b,13.97762300,190.06234000,3.76483270000,2010,211.41600000
WASP-3 b,15.69260000,629.30340000,1.84683550000,2007,231.16100000
WASP-31 b,17.36274100,155.41887000,3.40588600000,2010,383.82900000
WASP-32 b,10.76064000,835.89290000,2.71866000000,2010,275.99400000
WASP-33 b,17.85593700,665.21819000,1.21987000000,2010,121.94400000
WASP-38 b,12.30000000,858.10000000,6.90000000000,2010,136.24000000
WASP-39 b,14.93038800,89.94589000,4.05527650000,2011,213.98200000
WASP-4 b,14.80708900,376.94638000,1.33823146600,2007,267.20600000
WASP-42 b,12.10600000,158.90800000,4.98168720000,2012,177.29100000
WASP-45 b,13.00200000,320.04100000,3.12608760000,2011,211.19600000
WASP-46 b,14.68400000,667.73300000,1.43037000000,2011,375.31000000
WASP-47 e,1.77300000,6.91000000,0.79000000000,2015,264.78000000
WASP-5 b,13.12573900,520.28771000,1.62842460000,2008,309.13700000
WASP-50 b,13.67498000,524.41950000,1.95510000000,2011,184.84800000
WASP-52 b,14.23543000,145.88397000,1.74978350000,2012,174.81800000
WASP-59 b,8.68696004,274.28591524,7.91958500000,2012,115.93600000
WASP-63 b,15.80469000,117.59710000,4.37808000000,2012,290.68400000
WASP-65 b,12.46440800,489.45820000,2.31142430000,2013,273.70300000
WASP-66 b,15.58051000,753.25710000,4.08605200000,2012,500.25800000
WASP-68 b,14.79588000,343.25640000,5.08430000000,2014,226.39900000
WASP-7 b,14.90797000,305.11680000,4.95464160000,2008,162.30300000
WASP-70 A b,13.04727600,189.74451000,3.71302030000,2014,222.35500000
WASP-72 b,14.45961000,731.00900000,2.21673000000,2012,434.75400000
WASP-74 b,15.24424000,228.83760000,2.13775000000,2015,149.21600000
WASP-75 b,14.23500000,340.06000000,2.48419300000,2013,294.00100000
WASP-77 A b,13.50000000,572.10000000,1.40000000000,2012,105.16600000
WASP-78 b,21.63337000,352.79130000,2.17518000000,2012,754.25800000
WASP-80 b,10.67100000,176.07000000,3.06785040000,2012,49.78760000
WASP-83 b,11.65736000,95.34900000,4.97125200000,2015,271.10300000
WASP-84 c,1.95000000,15.20000000,1.44688490000,2023,100.58800000
WASP-87 b,15.52446500,692.86940000,1.68279500000,2016,298.39200000
WASP-88 b,16.36514000,133.48860000,4.95400000000,2014,523.75600000
WASP-93 b,17.90077300,467.21010000,2.73253210000,2016,370.28400000
WASP-95 b,13.78707000,457.67520000,2.18467000000,2014,137.54400000
WASP-99 b,12.32990000,889.92400000,5.75251000000,2014,158.66000000
WTS-1 b,16.70000000,1274.44000000,3.35205700000,2012,2346.01000000
Wendelstein-1 b,11.56096260,188.15536000,2.66341600000,2020,305.30000000
Wendelstein-2 b,12.99347280,232.33373000,1.75222390000,2020,565.54100000
Wolf 503 b,2.04300000,6.26000000,6.00127000000,2018,44.52600000
XO-2 N b,11.42197100,189.10885000,2.61585922000,2007,154.27300000
XO-7 b,15.35630356,225.65816897,2.86414200000,2019,234.14900000
ZTF J1230-2655 b,13.78704626,7024.00779470,0.23597766000,2025,186.69000000
ZTF J1828+2308 b,11.13051784,6356.56814000,0.11200670000,2025,201.82700000
